{
  "train_range_dict": {"awgn": {"snr":[-5, 5]}, 
    "bursty": {"snr":[1, 11], "snrb":[-19, -9]},
    "memory": {"snr":[-5, 5], "alpha": [0.1, 0.9]},
    "multipath": {"snr":[-5, 5], "weight": [0.1, 0.9]}}, 

  "val_metrics": {"awgn": {"snr":[-10, 11, 1], "param":{}},
  "memory": {"snr":[0], "param":{"alpha": [0.1, 0.2, 0.3, 0.4, 0.5, 0.6, 0.7, 0.8, 0.9]}},
  "multipath": {"snr":[0], "param":{"weight": [0.1, 0.2, 0.3, 0.4, 0.5, 0.6, 0.7, 0.8, 0.9]}},
  "bursty": {"snr":[6], "param": {
    "snrb": [-22, -20, -18, -16, -14, -12, -10, -8, -6, -4, -2]}}}

}
